old,new
files_read_yaml_model_chain,yaml_read_files_model_chain
files_read_csv_with_headers,csv_read_files_with_headers
files_read_first_json_model,json_read_first_files_model
files_read_json_lines_model,json_read_files_lines_model
files_read_yaml_model,yaml_read_files_model
files_read_json_model,json_read_files_model
files_read_yaml,yaml_read_files
files_write_csv,csv_write_files
files_read_json,json_read_files
normalize_json_value,json_normalize_value
read_csv_file_with_headers,csv_read_file_with_headers
read_yaml_model_chain,yaml_read_model_chain
read_json_model,json_read_model
read_yaml_model,yaml_read_model
read_json_file,json_read_file
read_yaml_file,yaml_read_file
write_json_file,json_write_file
write_yaml_file,yaml_write_file
write_csv_file,csv_write_file
normalize_cli_atom,cli_normalize_atom
CliNormalizedJson,JsonNormalized
NormalizedJsonList,JsonNormalizedList
ERR_TEMPLATE_OUTPUT_ESCAPE,TEMPLATE_ERR_OUTPUT_ESCAPE
ERR_TEMPLATE_RENDER_FAILED,TEMPLATE_ERR_RENDER_FAILED
ERR_TEMPLATE_NOT_FOUND,TEMPLATE_ERR_NOT_FOUND
ERR_CSV_WRITE_FAILED,CSV_ERR_WRITE_FAILED
ERR_CSV_READ_FAILED,CSV_ERR_READ_FAILED
ERR_JSON_LOAD_FAILED,JSON_ERR_LOAD_FAILED
DEFAULT_CSV_DELIMITER,CSV_DEFAULT_DELIMITER
DEFAULT_JSON_INDENT,JSON_DEFAULT_INDENT
FILE_FORMAT_JSON,JSON_FILE_FORMAT
FILE_FORMAT_TOML,TOML_FILE_FORMAT
FILE_FORMAT_YAML,YAML_FILE_FORMAT
FILE_FORMAT_CSV,CSV_FILE_FORMAT
CliDefinitionError,DefinitionError
CliValidationError,ValidationError
CliCommandWrapper,CommandWrapper
CliOptionSpec,OptionSpec
CliParamsConfig,ParamsConfig
CliAnnotations,Annotations
CliDefaultSource,DefaultSource
CliParamKwargs,ParamKwargs
CliParamValue,ParamValue
CliCommand,Command
CliValue,Value
